bottle,time,final_weight
1709,1720821208,47.496386768432174
1710,1720821212,46.68088113133406
1711,1720821216,46.211887217821584
1712,1720821220,47.504015203426476
1713,1720821224,46.43139988524442
1714,1720821228,47.1118055479301
1715,1720821232,47.25681025518361
1806,1720821596,19.642678013549258
